<?xml version="1.0" encoding="UTF-8" standalone="yes"?>
<addon id="plugin.video.newestevansopa" name="[COLOR gold]NewEStevanSOPA[/COLOR]" version="0.1" provider-name="NewEStevan">
  <requires>
    <import addon="script.module.six" version="1.11.0"/>
    <import addon="plugin.video.duffyou" version="0.1.3" optional="true"/>
    <import addon="script.module.resolveurl" version="5.0.00" optional="true"/>
    <import addon="script.module.inputstreamhelper" version="0.5.0"/>
    <import addon="script.module.pycryptodome"/>
    <import addon="script.embuary.info"/>
  </requires>
  <extension point="xbmc.python.pluginsource" library="main.py">
    <provides>video</provides>
  </extension>
  <extension point="xbmc.addon.metadata">
    <description>Todo tipo de deportes</description>
    <disclaimer>Hola</disclaimer>
    <platform>all</platform>
    <assets>
        <icon>icon.png</icon>
        <fanart>fanart.jpeg</fanart>
    </assets>
    <news></news>
    <forum>https://google.com</forum>
  </extension>
</addon>
